{"count":1,"gauges":{},"self":19.4425328,"total":19.633290799999997,"children":{"AgentResetIfDone":{"count":974,"self":0.0070052,"total":0.0070052,"children":null},"AgentSendState":{"count":974,"self":0.061436,"total":0.1827401,"children":{"CollectObservations":{"count":3896,"self":0.1213041,"total":0.1213041,"children":null}}}}}